BACK.L,iShares US Equity Buyback Achievers,IE00BQT3VN15,4.82,ETF,LSE
BACS.L,ISHARES IV PLC ISHARES US EQUIT,IE00BQT3VN15,339.35,ETF,LSE
BBEB.L,iShares Euro Corporate Bond BB-B,IE00BYTSJG15,5.08,ETF,LSE
BBSB.L,iShares Euro Corporate Bond BB-B,IE00BYTSJG15,403.65,ETF,LSE
BRIC.L,iShares II Public Limited Company - iShares BRIC 50 UCITS ETF,IE00B1W57M07,1440.5,ETF,LSE
CAU1.L,ISHARES VII PLC ISHARES MSCI AU,IE00B5V70487,8476,ETF,LSE
CBE0.L,ISHS EUR GOV EUR-AC,IE00B3VTN290,155.12,ETF,LSE
CBE3.L,ISH EUR GOV 1-3-ACC,IE00B3VTMJ91,111.81,ETF,LSE
CBE7.L,ISHS EUR GOV EUR-AC,IE00B3VTML14,132.46,ETF,LSE
CBIE.L,ISHARES VII PLC ISHARES EUR INF,IE00B3VTQ640,135.98,ETF,LSE
CBIU.L,,IE00B3VTPS97,NaN,,
CBR1.L,ISHARES VII PLC ISHARES MSCI BR,IE00B59L7C92,3170,ETF,LSE
CBU0.L,ISHS USD TRE USD-AC,IE00B3VWN518,140.24,ETF,LSE
CBU3.L,ISHS USD TRE USD-AC,IE00B3VWN179,105.47,ETF,LSE
CBU7.L,ISHS USD TRE USD-AC,IE00B3VWN393,123.27,ETF,LSE
CCAU.L,iShares MSCI Canada,IE00B52SF786,99,ETF,LSE
CCL1.L,ISHARES VII PLC ISHARES MSCI CH,IE00B5NLL897,3659.5,ETF,LSE
CE01.L,iShares Euro Government Bond 7-10yr Acc,IE00B3VTN290,12242,ETF,LSE
CE31.L,iShares Euro Government Bond 1-3yr Acc,IE00B3VTMJ91,8823.5,ETF,LSE
CE71.L,iShares Euro Government Bond 3-7yr Acc,IE00B3VTML14,10453,ETF,LSE
CEA1.L,ISHARES VII PLC ISHARES MSCI EM,IE00B5L8K969,7339,ETF,LSE
CEL1.L,,LU0154139132,NaN,,
CEM1.L,,LU0312694234,NaN,,
CEMA.L,ISHS MSCI EM USD-AC,IE00B5L8K969,103.88,ETF,LSE
CEMG.L,iShares MSCI Emerging Markets Cons Gr,IE00BKM4H197,23.16,ETF,LSE
CEML.L,ISHARES VII PLC ISHARES MSCI EM,IE00B5KMFT47,56.99,ETF,LSE
CES1.L,iShares MSCI EMU Small Cap,IE00B3VWMM18,11743,ETF,LSE
CEU.L,ISHS MSC EMU EUR-AC,IE00B53QG562,88.93,ETF,LSE
CEU1.L,iShares MSCI EMU,IE00B53QG562,7016,ETF,LSE
CEUL.L,,LU0154139132,NaN,,
CEUM.L,,LU0312694234,NaN,,
CEUS.L,ISH EMU SC EUR-ACC,IE00B3VWMM18,148.83,ETF,LSE
CID1.L,ISHARES VII PLC ISHARES DJ INDU,IE00B53L4350,12858.5,ETF,LSE
CIE1.L,ISHARES VII PLC ISHARES EUR INF,IE00B3VTQ640,9965.5,ETF,LSE
CIND.L,ISHS DJ IND USD-ACC,IE00B53L4350,181.96,ETF,LSE
CIU1.L,,IE00B3VTPS97,NaN,,
CJPL.L,,IE00B3VWM213,NaN,,
CJPS.L,,IE00B3VWMK93,NaN,,
CJPU.L,ISHARES VII PLC MSCI JAPAN JPY,IE00B53QDK08,113.47,ETF,LSE
CJSU.L,,IE00B3VWMK93,NaN,,
CKR1.L,ISHARES VII PLC ISHARES MSCI KO,IE00B5W4TY14,8069,ETF,LSE
CM1.L,,LU0254097446,NaN,,
CMB1.L,iShares FTSE MIB (Acc),IE00B53L4X51,4918.5,ETF,LSE
CMIB.L,iShares FTSE MIB (Acc),IE00B53L4X51,62.16,ETF,LSE
CML1.L,ISHARES VII PLC ISHARES MSCI EM,IE00B5KMFT47,3778,ETF,LSE
CMX1.L,iShares MSCI Mexico Capped,IE00B5WHFQ43,8297.5,ETF,LSE
CMXC.L,ISHS MSCI ME USD-AC,IE00B5WHFQ43,117.49,ETF,LSE
CNDX.L,ISHS NASDAQ USD-AC,IE00B53SZB19,240.49,ETF,LSE
CNKY.L,ISHS NIK 225 JPY-AC,IE00B52MJD48,9473.5,ETF,LSE
CNX1.L,ISHARES VII PLC ISHARES NASDAQ,IE00B53SZB19,16990.5,ETF,LSE
CNYA.L,iShares MSCI China A,IE00BQT3WG13,3.49,ETF,LSE
CORP.L,iShares Global Corporate Bond,IE00B7J7TB45,94.91,ETF,LSE
CPJ1.L,ISHARES VII PLC ISHARES CORE MS,IE00B52MJY50,7671.5,ETF,LSE
CPXJ.L,ISHS CR PAC USD-AC,IE00B52MJY50,108.62,ETF,LSE
CRPH.L,iShares Glbl Corp Bd EUR Hdgd,IE00B9M6SJ31,105.22,ETF,LSE
CRPS.L,ISHS GLB CRP BD USD,IE00B7J7TB45,67.39,ETF,LSE
CRU1.L,ISHARES VII PLC ISHARES MSCI RU,IE00B5V87390,4823,ETF,LSE
CS51.L,iShares Core EURO STOXX 50,IE00B53L3W79,6716,ETF,LSE
CSAU.L,ISHARES VII PLC ISHARES MSCI AU,IE00B5V70487,137.72,ETF,LSE
CSBR.L,ISHS MSCI BR USD-AC,IE00B59L7C92,44.88,ETF,LSE
CSCA.L,ISH MSCI CAN USD-AC,IE00B52SF786,6973,ETF,LSE
CSCL.L,ISHARES VII PLC ISHARES MSCI CH,IE00B5NLL897,55.2,ETF,LSE
CSE1.L,,IE00B53QFR17,NaN,,
CSEM.L,,LU0254097446,NaN,,
CSEU.L,,IE00B53QFR17,NaN,,
CSJP.L,ISHS MSCI JP USD-AC,IE00B53QDK08,8012.5,ETF,LSE
CSKR.L,ISHS MSCI USD-B-ACC,IE00B5W4TY14,114.24,ETF,LSE
CSP1.L,ISHARES VII PLC ISHARES CORE S&,IE00B5BMR087,13370,ETF,LSE
CSPX.L,ISHS CR 500 USD-AC,IE00B5BMR087,189.24,ETF,LSE
CSRU.L,ISHS MSCI RU USD-AC,IE00B5V87390,68.28,ETF,LSE
CSUK.L,ISHS MSCI UK GBP-AC,IE00B539F030,8126,ETF,LSE
CSUS.L,ISHS MSCI US USD-AC,IE00B52SFT06,184.88,ETF,LSE
CSWD.L,,IE00B3NBFN86,NaN,,
CSX5.L,ISHS CR STX EUR-AC,IE00B53L3W79,85.1,ETF,LSE
CSZA.L,ISHARES VII PLC ISHARES MSCI SO,IE00B4ZTP716,119.26,ETF,LSE
CU01.L,ISHARES VII PLC ISHARES USD TSY,IE00B3VWN518,9907.5,ETF,LSE
CU1.L,ISHARES VII PLC ISHARES MSCI US,IE00B52SFT06,13063,ETF,LSE
CU31.L,ISHARES VII PLC ISHARES USD TSY,IE00B3VWN179,7451,ETF,LSE
CU71.L,ISHARES VII PLC ISHARES USD TSY,IE00B3VWN393,8712.5,ETF,LSE
CUKL.L,ISHS MSCI GBP-B-ACC,IE00B3VWKZ07,9374.5,ETF,LSE
CUKS.L,ISHS MSCI SM GBP-AC,IE00B3VWLG82,16433,ETF,LSE
CUKX.L,ISHS 100 GBP-ACC,IE00B53HP851,8569.5,ETF,LSE
CUL1.L,,IE00B3VWLJ14,NaN,,
CUS1.L,ISHARES VII PLC ISHARES MSCI US,IE00B3VWM098,15729.5,ETF,LSE
CUSL.L,,IE00B3VWLJ14,NaN,,
CUSS.L,ISHS MSCI US USD-AC,IE00B3VWM098,222.64,ETF,LSE
CWD1.L,,IE00B3NBFN86,NaN,,
CZA1.L,ISHARES VII PLC ISHARES MSCI SO,IE00B4ZTP716,7831,ETF,LSE
DBRC.L,iShares BRIC 50,IE00B1W57M07,20.6,ETF,LSE
DEIN.L,iShares Emerging Market Infrastructure,IE00B2NPL135,20.5,ETF,LSE
DH2O.L,iShares Global Water,IE00B1TXK627,32.43,ETF,LSE
DJMC.L,iShares Public Limited Company - iShares EURO STOXX Mid UCITS ETF,IE00B02KXL92,3652.5,ETF,LSE
DJSC.L,iShares Public Limited Company - iShares EURO STOXX Small UCITS ETF,IE00B02KXM00,2197.75,ETF,LSE
DLTM.L,iShares MSCI EM Latin America Dist,IE00B27YCK28,13.66,ETF,LSE
DNRG.L,iShares Global Clean Energy,IE00B1XNHC34,5.21,ETF,LSE
DWOD.L,iShares Global Timber & Forestry,IE00B27YCF74,17.22,ETF,LSE
E20Y.L,iShares Euro Gov Bd 20yr Trgt Duration,IE00BSKRJX20,5.21,ETF,LSE
EEMB.L,ISHARES II PLC ISHARES J.P. MOR,IE00B2NPKV68,97.14,ETF,LSE
EEX5.L,iShares Euro Corp Bd ex-Fincls 1-5yr,IE00B4L5ZY03,86.36,ETF,LSE
EEXF.L,iShares Euro Corporate Bond ex-Fincls,IE00B4L5ZG21,91.69,ETF,LSE
EG20.L,iShares Euro Gov Bd 20yr Trgt Duration,IE00BSKRJX20,412.2,ETF,LSE
EGIL.L,ISHARES III PLC ISHARES GLOBAL,IE00B3B8PX14,130.85,ETF,LSE
EI18.L,iShares iBonds Sep 2018 USD Corporate,IE00BVC3VM20,4.47,ETF,LSE
EIMI.L,iShares Core MSCI Emerging Markets IMI,IE00BKM4GZ66,20.54,ETF,LSE
EMBE.L,iShares JP Morgan $ EM Bd EUR Hdgd,IE00B9M6RS56,99.03,ETF,LSE
EMCP.L,ISHARES V PUBLIC LIMITED COMPAN,IE00B6TLBW47,68.38,ETF,LSE
EMCR.L,iShares $ Emerging Markets Corporate Bd,IE00B6TLBW47,96.43,ETF,LSE
EMIM.L,ISH CR MSCI USD-AC,IE00BKM4GZ66,1445.5,ETF,LSE
EMMV.L,iShares MSCI Emerg Mkts Minimum Volatil,IE00B8KGV557,23.61,ETF,LSE
EMUL.L,iShares MSCI EMU Large Cap,IE00BCLWRF22,28.36,ETF,LSE
EMUM.L,iShares MSCI EMU Mid Cap,IE00BCLWRD08,30.11,ETF,LSE
EMUU.L,iShares MSCI EMU USD Hdg,IE00BWZN1T31,4.43,ETF,LSE
EMV.L,ISH MSCI EM USD-ACC,IE00B8KGV557,1659.5,ETF,LSE
ERN1.L,iShares Euro Ultrashort Bond,IE00BCRY6557,79.18,ETF,LSE
ERND.L,iShares $ Ultrashort Bond,IE00BCRY6227,100.02,ETF,LSE
ERNE.L,iShares Euro Ultrashort Bond,IE00BCRY6557,100.28,ETF,LSE
ERNS.L,iShares £ Ultrashort Bond,IE00BCRY6441,100.29,ETF,LSE
ERNU.L,ISHARES IV PLC ISHARES $ ULTRAS,IE00BCRY6227,70.66,ETF,LSE
ES15.L,,IE00B5L65R35,132.54,ETF,LSE
EUCF.L,iShares Euro Corporate Bond Fincls,IE00B87RLX93,104.96,ETF,LSE
EUE.L,iShares EURO STOXX 50 Dist,IE0008471009,2386.5,ETF,LSE
EULC.L,iShares MSCI EMU Large Cap,IE00BCLWRF22,22.43,ETF,LSE
EUMC.L,iShares MSCI EMU Mid Cap,IE00BCLWRD08,23.8,ETF,LSE
EUN.L,iShares STOXX Europe 50,IE0008470928,2235.5,ETF,LSE
EUXS.L,iShares MSCI Europe ex-UK GBP Hedged,IE00BVDPJP67,420,ETF,LSE
EXFN.L,iShares EURO STOXX 50 ex-Financials,IE00BD5J2G21,28.15,ETF,LSE
FSEU.L,iShares FactorSelect MSCI Europe,IE00BZ0PKV06,380.45,ETF,LSE
FSUS.L,ISHARES IV PLC ISHARES FACTORSE,IE00BZ0PKS76,362.8,ETF,LSE
FSWD.L,ISHARES IV PLC ISHARES FACTORSE,IE00BZ0PKT83,359.05,ETF,LSE
FXC.L,iShares Public Limited Company - iShares China Large Cap UCITS ETF,IE00B02KXK85,6558,ETF,LSE
GHYS.L,iShares Glbl Hi Yld Corp Bd GBP Hdgd,IE00B8KQFS66,96.37,ETF,LSE
GI18.L,ISHARES IV PLC ISHARES IBONDS S,IE00BVC3VM20,352.85,ETF,LSE
HDIQ.L,ISHARES II PLC ISHARES MSCI USA,IE00BKM4H312,1898.25,ETF,LSE
HYLD.L,iShares Global High Yield Corp Bond,IE00B74DQ490,89.73,ETF,LSE
IAAA.L,iShares Global AAA-AA Government Bond,IE00B87G8S03,91.84,ETF,LSE
IAEX.L,iShares Public Limited Company - iShares AEX UCITS ETF,IE00B0M62Y33,3459.88,ETF,LSE
IAPD.L,iShares Public Limited Company - iShares Asia Pacific Dividend UCITS ETF,IE00B14X4T88,1788.5,ETF,LSE
IASH.L,ISHARES IV PLC ISHARES MSCI CHI,IE00BQT3WG13,249,ETF,LSE
IASP.L,iShares II Public Limited Company - iShares Asia Property Yield UCITS ETF,IE00B1FZS244,1724.25,ETF,LSE
IAUP.L,iShares Gold Producers,IE00B6R52036,8.2,ETF,LSE
IAUS.L,iShares III Public Limited Company - iShares MSCI Australia UCITS ETF,IE00B5377D42,27,ETF,LSE
IAUT.L,iShares Austria Government Bond,IE00B7RRK356,147,ETF,LSE
IBC1.L,iShares Euro Inflation Linked Govt Bd,IE00B0M62X26,201.4,ETF,LSE
IBCI.L,iShares Public Limited Company - iShares Euro Inflation Linked Government Bond UCITS ETF,IE00B0M62X26,158.91,ETF,LSE
IBCX.L,iShares Public Limited Company - iShares Euro Corporate Bond Large Cap UCITS ETF,IE0032523478,134.26,ETF,LSE
IBEL.L,iShares Belgium Government Bond,IE00B7RRKB38,153.89,ETF,LSE
IBGE.L,iShares Euro Government Bond 0-1yr,IE00B3FH7618,79.32,ETF,LSE
IBGL.L,iShares II Public Limited Company - iShares Euro Government Bond 15-30yr UCITS ETF,IE00B1FZS913,188.13,ETF,LSE
IBGM.L,iShares II Public Limited Company - iShares Euro Government Bond 7-10yr UCITS ETF,IE00B1FZS806,165.88,ETF,LSE
IBGS.L,iShares Public Limited Company - iShares Euro Government Bond 1-3yr UCITS ETF,IE00B14X4Q57,113.58,ETF,LSE
IBGX.L,iShares II Public Limited Company - iShares Euro Government Bond 3-5yr UCITS ETF,IE00B1FZS681,132.68,ETF,LSE
IBGY.L,iShares Euro Government Bond 5-7yr,IE00B4WXJG34,122.6,ETF,LSE
IBGZ.L,iShares Euro Government Bond 10-15yr,IE00B4WXJH41,139.56,ETF,LSE
IBTL.L,ISHARES IV PLC ISHARES $ TREASU,IE00BSKRJZ44,345.1,ETF,LSE
IBTM.L,iShares II Public Limited Company - iShares $ Treasury Bond 7-10yr UCITS ETF,IE00B1FZS798,143.13,ETF,LSE
IBTS.L,iShares Public Limited Company - iShares $ Treasury Bond 1-3yr UCITS ETF,IE00B14X4S71,93.65,ETF,LSE
IBZL.L,iShares Public Limited Company - iShares MSCI Brazil UCITS ETF (Dist),IE00B0M63516,1421.63,ETF,LSE
ICDU.L,ISHARES V PUBLIC LIMITED COMPAN,IE00B4MCHD36,342.95,ETF,LSE
ICOV.L,iShares III Public Limited Company - iShares Euro Covered Bond UCITS ETF,IE00B3B8Q275,155.26,ETF,LSE
IDAP.L,iShares Asia Pacific Dividend,IE00B14X4T88,25.41,ETF,LSE
IDAR.L,iShares Asia Property Yield,IE00B1FZS244,24.47,ETF,LSE
IDBT.L,iShares $ Treasury Bond 1-3yr,IE00B14X4S71,132.61,ETF,LSE
IDBZ.L,iShares MSCI Brazil Dist,IE00B0M63516,20.3,ETF,LSE
IDEE.L,iShares MSCI Eastern Europe Capped,IE00B0M63953,17.81,ETF,LSE
IDEM.L,iShares MSCI Emerging Markets Dist,IE00B0M63177,31.48,ETF,LSE
IDEU.L,iShares Germany Government Bond,IE00B5V94313,140.01,ETF,LSE
IDFE.L,iShares MSCI AC Far East ex-Japan Sm Cap,IE00B2QWDR12,25.67,ETF,LSE
IDFF.L,iShares MSCI AC Far East ex-Japan,IE00B0M63730,40.83,ETF,LSE
IDFX.L,iShares China Large Cap,IE00B02KXK85,93.98,ETF,LSE
IDIN.L,iShares Global Infrastructure,IE00B1FZS467,23.44,ETF,LSE
IDJG.L,iShares Public Limited Company - iShares EURO Total Market Growth Large UCITS ETF,IE00B0M62V02,2418.5,ETF,LSE
IDJP.L,iShares MSCI Japan Small Cap Dist,IE00B2QWDY88,31.32,ETF,LSE
IDJV.L,iShares Public Limited Company - iShares EURO Total Market Value Large UCITS ETF,IE00B0M62T89,1489.75,ETF,LSE
IDKO.L,iShares MSCI Korea Dist,IE00B0M63391,33.35,ETF,LSE
IDNA.L,iShares MSCI North America,IE00B14X4M10,38.34,ETF,LSE
IDP6.L,iShares S&P SmallCap 600,IE00B2QWCY14,44.38,ETF,LSE
IDPE.L,iShares Listed Private Equity,IE00B1TXHL60,16.05,ETF,LSE
IDTK.L,iShares MSCI Turkey,IE00B1FZS574,27.08,ETF,LSE
IDTL.L,iShares $ Treasury Bond 20+yr,IE00BSKRJZ44,4.88,ETF,LSE
IDTM.L,iShares $ Treasury Bond 7-10yr,IE00B1FZS798,202.74,ETF,LSE
IDTP.L,iShares $ TIPS,IE00B1FZSC47,196.57,ETF,LSE
IDTW.L,iShares MSCI Taiwan,IE00B0M63623,33.82,ETF,LSE
IDUP.L,iShares US Property Yield,IE00B1FZSF77,28.04,ETF,LSE
IDUS.L,iShares S&P 500 Dist,IE0031442068,20.26,ETF,LSE
IDVY.L,iShares Public Limited Company - iShares EURO Dividend UCITS ETF,IE00B0M62S72,1531.25,ETF,LSE
IDWP.L,iShares Developed Markets Property Yld,IE00B1FZS350,24.53,ETF,LSE
IDWR.L,iShares MSCI World Dist,IE00B0M62Q58,34.44,ETF,LSE
IE15.L,iShares III Public Limited Company - iShares Euro Corporate Bond 1-5yr UCITS ETF,IE00B4L60045,109.46,ETF,LSE
IEAC.L,iShares III Public Limited Company - iShares Core Euro Corporate Bond UCITS ETF,IE00B3F81R35,128.13,ETF,LSE
IEAG.L,iShares III Public Limited Company - iShares Euro Aggregate Bond UCITS ETF,IE00B3DKXQ41,122.58,ETF,LSE
IEBB.L,iShares Euro Corporate Bond BBB-BB,IE00BSKRK281,4.93,ETF,LSE
IEBC.L,iShares Core Euro Corporate Bond,IE00B3F81R35,101.1,ETF,LSE
IECF.L,iShares Euro Corporate Bond Fincls,IE00B87RLX93,83.15,ETF,LSE
IEDY.L,iShares Emerging Markets Dividend,IE00B652H904,17.42,ETF,LSE
IEEM.L,iShares Public Limited Company - iShares MSCI Emerging Markets UCITS ETF (Dist),IE00B0M63177,2210.5,ETF,LSE
IEER.L,iShares Public Limited Company - iShares MSCI Eastern Europe Capped UCITS ETF,IE00B0M63953,1262.25,ETF,LSE
IEFM.L,iShares MSCI Europe Momentum Factor,IE00BQN1K786,408.55,ETF,LSE
IEFQ.L,iShares MSCI Europe Quality Factor,IE00BQN1K562,416.35,ETF,LSE
IEFS.L,iShares MSCI Europe Size Factor,IE00BQN1KC32,411.95,ETF,LSE
IEFV.L,iShares MSCI Europe Value Factor,IE00BQN1K901,371.85,ETF,LSE
IEGA.L,iShares III Public Limited Company - iShares Core Euro Government Bond UCITS ETF,IE00B4WXJJ64,123.9,ETF,LSE
IEGE.L,iShares III Public Limited Company - iShares Euro Government Bond 0-1yr UCITS ETF,IE00B3FH7618,100.53,ETF,LSE
IEGL.L,iShares Euro Government Bond 15-30yr,IE00B1FZS913,238.43,ETF,LSE
IEGM.L,iShares Euro Government Bond 7-10yr,IE00B1FZS806,210.23,ETF,LSE
IEGS.L,ISHARES PLC ISHARES EURO GOVERN,IE00B14X4Q57,143.96,ETF,LSE
IEGX.L,iShares Euro Government Bond 3-5yr,IE00B1FZS681,168.18,ETF,LSE
IEGY.L,iShares III Public Limited Company - iShares Euro Government Bond 5-7yr UCITS ETF,IE00B4WXJG34,155.39,ETF,LSE
IEGZ.L,iShares III Public Limited Company - iShares Euro Government Bond 10-15yr UCITS ETF,IE00B4WXJH41,176.88,ETF,LSE
IEMA.L,iShares III Public Limited Company - iShares MSCI Emerging Markets UCITS ETF (Acc),IE00B4L5YC18,24.44,ETF,LSE
IEMB.L,iShares II Public Limited Company - iShares J.P. Morgan $ Emerging Markets Bond UCITS ETF,IE00B2NPKV68,108.66,ETF,LSE
IEMG.L,ISHS MSCI EM USD-AC,IE00BKM4H197,1636.75,ETF,LSE
IEMI.L,iShares II Public Limited Company - iShares Emerging Market Infrastructure UCITS ETF,IE00B2NPL135,1434,ETF,LSE
IEML.L,iShares Emerging Markets Local Govt Bd,IE00B5M4WH52,62.58,ETF,LSE
IEMO.L,iShares MSCI Europe Momentum Factor,IE00BQN1K786,5.17,ETF,LSE
IEMS.L,iShares III Public Limited Company - iShares MSCI Emerging Markets Small Cap UCITS ETF,IE00B3F81G20,56.6,ETF,LSE
IEQU.L,iShares MSCI Europe Quality Factor,IE00BQN1K562,5.28,ETF,LSE
IESE.L,iShares DJ Eurp Sustainability Screened,IE00B52VJ196,33.46,ETF,LSE
IESG.L,iShares DJ Eurp Sustainability Screened,IE00B52VJ196,2646.5,ETF,LSE
IESP.L,iShares Spain Government Bond,IE00B428Z604,160.97,ETF,LSE
IESU.L,ISHARES V PUBLIC LIMITED COMPAN,IE00B42NKQ00,325.95,ETF,LSE
IESZ.L,iShares MSCI Europe Size Factor,IE00BQN1KC32,5.21,ETF,LSE
IEUR.L,iShares Public Limited Company - iShares FTSEurofirst 80 UCITS ETF,IE0004855221,780.63,ETF,LSE
IEUT.L,iShares Public Limited Company - iShares FTSEurofirst 100 UCITS ETF,IE0030974079,1901,ETF,LSE
IEUX.L,iShares Public Limited Company - iShares MSCI Europe ex-UK UCITS ETF,IE00B14X4N27,2113,ETF,LSE
IEVL.L,iShares MSCI Europe Value Factor,IE00BQN1K901,4.7,ETF,LSE
IEX5.L,iShares III Public Limited Company - iShares Euro Corporate Bond ex-Financials 1-5yr UCITS ETF,IE00B4L5ZY03,109.4,ETF,LSE
IEXF.L,iShares III Public Limited Company - iShares Euro Corporate Bond ex-Financials UCITS ETF,IE00B4L5ZG21,116.12,ETF,LSE
IFFF.L,iShares Public Limited Company - iShares MSCI AC Far East ex-Japan UCITS ETF,IE00B0M63730,2861,ETF,LSE
IFIN.L,iShares Finland Government Bond,IE00B5SH2232,140.46,ETF,LSE
IFRB.L,iShares France Government Bond,IE00B7LGZ558,148.56,ETF,LSE
IFRE.L,iShares MSCI France,IE00BP3QZJ36,25.45,ETF,LSE
IFSE.L,iShares FactorSelect MSCI Europe,IE00BZ0PKV06,4.81,ETF,LSE
IFSU.L,iShares FactorSelect MSCI USA,IE00BZ0PKS76,5.15,ETF,LSE
IFSW.L,iShares FactorSelect MSCI World,IE00BZ0PKT83,5.09,ETF,LSE
IGCC.L,iShares III Public Limited Company - iShares MSCI GCC ex-Saudi Arabia UCITS ETF,IE00B3F81623,34.41,ETF,LSE
IGEA.L,iShares Emerging Asia Local Govt Bd,IE00B6QGFW01,92.33,ETF,LSE
IGHY.L,ISHS GL CO BN USD,IE00B74DQ490,63.62,ETF,LSE
IGIL.L,iShares III Public Limited Company - iShares Global Inflation Linked Government Bond UCITS ETF,IE00B3B8PX14,146.3,ETF,LSE
IGLN.L,iShares Physical Gold ETC,IE00B4ND3602,24.12,ETF,LSE
IGLO.L,iShares III Public Limited Company - iShares Global Government Bond UCITS ETF,IE00B3F81K65,108.29,ETF,LSE
IGLS.L,iShares III Public Limited Company - iShares UK Gilts 0-5yr UCITS ETF,IE00B4WXJK79,133.2,ETF,LSE
IGLT.L,iShares II Public Limited Company - iShares Core UK Gilts UCITS ETF,IE00B1FZSB30,12.74,ETF,LSE
IGSD.L,ISHARES IV PLC ISHS $ SHORT DUR,IE00BCRY5Y77,71.07,ETF,LSE
IGSG.L,ISHARES II PLC ISHARES DJ GLOBA,IE00B57X3V84,2056.25,ETF,LSE
IGSU.L,iShares DJ Glbl Sustainability Screened,IE00B57X3V84,29.19,ETF,LSE
IGUS.L,iShares S&P 500 GBP Hedged,IE00B3Y8X563,4719,ETF,LSE
IGWD.L,iShares MSCI World GBP Hedged,IE00B42YS929,4008,ETF,LSE
IH2O.L,iShares II Public Limited Company - iShares Global Water UCITS ETF,IE00B1TXK627,2284.25,ETF,LSE
IHCU.L,ISHARES V PUBLIC LIMITED COMPAN,IE00B43HR379,330.65,ETF,LSE
IHYG.L,ISHS EU YE CO EUR,IE00B66F4759,102.3,ETF,LSE
IHYU.L,iShares $ High Yield Corporate Bond,IE00B4PY7Y77,98.05,ETF,LSE
IITB.L,iShares Italy Government Bond,IE00B7LW6Y90,162.53,ETF,LSE
IITU.L,ISHARES V PUBLIC LIMITED COMPAN,IE00B3WJKG14,347.95,ETF,LSE
IJPA.L,iShares III Public Limited Company - iShares Core MSCI Japan IMI UCITS ETF,IE00B4L5YX21,31.31,ETF,LSE
IJPD.L,iShares MSCI Japan USD Hedged,IE00BCLWRG39,27.14,ETF,LSE
IJPE.L,iShares MSCI Japan EUR Hedged,IE00B42Z5J44,39.05,ETF,LSE
IJPH.L,iShares MSCI Japan GBP Hedged,IE00B7XYN974,45.51,ETF,LSE
IJPN.L,iShares Public Limited Company - iShares MSCI Japan UCITS ETF (Dist),IE00B02KXH56,801.13,ETF,LSE
IJPU.L,iShares MSCI Japan Dist,IE00B02KXH56,11.44,ETF,LSE
IKOR.L,iShares Public Limited Company - iShares MSCI Korea UCITS ETF (Dist),IE00B0M63391,2347.88,ETF,LSE
IMEA.L,iShares III Public Limited Company - iShares MSCI Europe UCITS ETF (Acc),IE00B4K48X80,40.55,ETF,LSE
IMEU.L,iShares II Public Limited Company - iShares MSCI Europe UCITS ETF (Dist),IE00B1YZSC51,1644,ETF,LSE
IMIB.L,iShares II Public Limited Company - iShares FTSE MIB UCITS ETF (Dist),IE00B1XNH568,859.15,ETF,LSE
IMV.L,iShares MSCI Europe Minimum Volatility,IE00B86MWN23,2902,ETF,LSE
INAA.L,iShares Public Limited Company - iShares MSCI North America UCITS ETF,IE00B14X4M10,2695.5,ETF,LSE
INFR.L,iShares II Public Limited Company - iShares Global Infrastructure UCITS ETF,IE00B1FZS467,1654.75,ETF,LSE
INLD.L,iShares Netherlands Government Bond,IE00B7L7Z140,142.99,ETF,LSE
INRG.L,iShares II Public Limited Company - iShares Global Clean Energy UCITS ETF,IE00B1XNHC34,366.25,ETF,LSE
INXG.L,iShares II Public Limited Company - iShares £ Index-Linked Gilts UCITS ETF,IE00B1FZSD53,15.2,ETF,LSE
IOGP.L,iShares Oil & Gas Explor & Production,IE00B6R51Z18,14.71,ETF,LSE
IPDM.L,iShares Physical Palladium ETC,IE00B4556L06,16.97,ETF,LSE
IPLT.L,iShares Physical Platinum ETC,IE00B4LHWP62,14.07,ETF,LSE
IPOL.L,iShares MSCI Poland,IE00B4M7GH52,16.73,ETF,LSE
IPRP.L,iShares Public Limited Company - iShares European Property Yield UCITS ETF,IE00B0M63284,2933.5,ETF,LSE
IPRV.L,iShares II Public Limited Company - iShares Listed Private Equity UCITS ETF,IE00B1TXHL60,1132.5,ETF,LSE
IPXJ.L,iShares III Public Limited Company - iShares MSCI Pacific ex-Japan UCITS ETF (Dist),IE00B4WXJD03,36.81,ETF,LSE
IRCP.L,iShares Euro Corp Bd Interest Rate Hdgd,IE00B6X2VY59,97.55,ETF,LSE
IRHC.L,iShares Euro Corp Bd Interest Rate Hdgd,IE00B6X2VY59,77.11,ETF,LSE
IRSA.L,iShares III Public Limited Company - iShares MSCI South Africa UCITS ETF,IE00B52XQP83,26.71,ETF,LSE
IS15.L,iShares £ Corporate Bond 0-5yr,IE00B5L65R35,104.66,ETF,LSE
ISAC.L,iShares MSCI ACWI,IE00B6R52259,35.54,ETF,LSE
ISAG.L,iShares Agribusiness,IE00B6R52143,26.22,ETF,LSE
ISBB.L,iShares Euro Corporate Bond BBB-BB,IE00BSKRK281,391.15,ETF,LSE
ISDE.L,iShares MSCI Emerging Markets Islamic,IE00B27YCP72,13.29,ETF,LSE
ISDU.L,iShares MSCI USA Islamic,IE00B296QM64,35.13,ETF,LSE
ISDW.L,iShares MSCI World Islamic,IE00B27YCN58,26.45,ETF,LSE
ISEM.L,iShares II Public Limited Company - iShares MSCI Emerging Markets Islamic UCITS ETF,IE00B27YCP72,934.75,ETF,LSE
ISF.L,iShares Core FTSE 100 Dist,IE0005042456,605.4,ETF,LSE
ISFE.L,iShares II Public Limited Company - iShares MSCI AC Far East ex-Japan Small Cap UCITS ETF,IE00B2QWDR12,1802.5,ETF,LSE
ISFR.L,iShares MSCI France,IE00BP3QZJ36,2016.5,ETF,LSE
ISJP.L,iShares III Public Limited Company - iShares MSCI Japan Small Cap UCITS ETF (Dist),IE00B2QWDY88,2194.5,ETF,LSE
ISLN.L,iShares Physical Silver ETC,IE00B4NCWG09,14.98,ETF,LSE
ISP6.L,iShares III Public Limited Company - iShares S&P SmallCap 600 UCITS ETF,IE00B2QWCY14,3111.5,ETF,LSE
ISRL.L,ISHARES IV PLC ISHARES TA-25 IS,IE00BP3QZG05,370.25,ETF,LSE
ISUS.L,iShares II Public Limited Company - iShares MSCI USA Islamic UCITS ETF,IE00B296QM64,2471,ETF,LSE
ISWD.L,iShares II Public Limited Company - iShares MSCI World Islamic UCITS ETF,IE00B27YCN58,1863,ETF,LSE
ISXF.L,iShares III Public Limited Company - iShares £ Corporate Bond ex-Financials UCITS ETF,IE00B4L60H17,119.73,ETF,LSE
ITKY.L,iShares II Public Limited Company - iShares MSCI Turkey UCITS ETF,IE00B1FZS574,1911.25,ETF,LSE
ITPS.L,iShares II Public Limited Company - iShares $ TIPS UCITS ETF,IE00B1FZSC47,138.95,ETF,LSE
ITWN.L,iShares Public Limited Company - iShares MSCI Taiwan UCITS ETF,IE00B0M63623,2381.5,ETF,LSE
IUAG.L,iShares US Aggregate Bond,IE00B44CGS96,104.95,ETF,LSE
IUCD.L,iShares S&P 500 Consumer Discret Sect,IE00B4MCHD36,4.87,ETF,LSE
IUES.L,iShares S&P 500 Energy Sect,IE00B42NKQ00,4.65,ETF,LSE
IUFS.L,iShares S&P 500 Financials Sect,IE00B4JNQZ49,4.58,ETF,LSE
IUHC.L,iShares S&P 500 Health Care Sect,IE00B43HR379,4.7,ETF,LSE
IUIT.L,iShares S&P 500 Information Tech Sect,IE00B3WJKG14,4.95,ETF,LSE
IUKD.L,iShares Public Limited Company - iShares UK Dividend UCITS ETF,IE00B0M63060,851,ETF,LSE
IUKP.L,iShares II Public Limited Company - iShares UK Property UCITS ETF,IE00B1TXLS18,597.25,ETF,LSE
IUSA.L,iShares Public Limited Company - iShares S&P 500 UCITS ETF (Dist),IE0031442068,1424.13,ETF,LSE
IUSE.L,iShares S&P 500 EUR Hedged,IE00B3ZW0K18,46.37,ETF,LSE
IUSP.L,iShares II Public Limited Company - iShares US Property Yield UCITS ETF,IE00B1FZSF77,1968.75,ETF,LSE
IWDA.L,iShares III Public Limited Company - iShares Core MSCI World UCITS ETF,IE00B4L5Y983,40.13,ETF,LSE
IWDE.L,iShares MSCI World EUR Hedged,IE00B441G979,39.19,ETF,LSE
IWDP.L,iShares II Public Limited Company - iShares Developed Markets Property Yield UCITS ETF,IE00B1FZS350,1726,ETF,LSE
IWFM.L,iShares MSCI World Momentum Factor,IE00BP3QZ825,1870.25,ETF,LSE
IWFQ.L,iShares MSCI World Quality Factor,IE00BP3QZ601,1850.75,ETF,LSE
IWFS.L,iShares MSCI World Size Factor,IE00BP3QZD73,1770.75,ETF,LSE
IWFV.L,iShares MSCI World Value Factor,IE00BP3QZB59,1620.5,ETF,LSE
IWMO.L,iShares MSCI World Momentum Factor,IE00BP3QZ825,26.54,ETF,LSE
IWQU.L,iShares MSCI World Quality Factor,IE00BP3QZ601,26.24,ETF,LSE
IWRD.L,iShares Public Limited Company - iShares MSCI World UCITS ETF (Dist),IE00B0M62Q58,2425,ETF,LSE
IWSZ.L,iShares MSCI World Size Factor,IE00BP3QZD73,25.14,ETF,LSE
IWVL.L,iShares MSCI World Value Factor,IE00BP3QZB59,23,ETF,LSE
LQDE.L,iShares Public Limited Company - iShares $ Corporate Bond UCITS ETF,IE0032895942,113.3,ETF,LSE
LQDG.L,ISHARES PLC ISHARES $ CORP BND,IE00BCLWRB83,65.89,ETF,LSE
LQDH.L,iShares $ Corp Bd Intr Rt Hdgd,IE00BCLWRB83,92.97,ETF,LSE
LTAM.L,iShares II Public Limited Company - iShares MSCI EM Latin America UCITS ETF (Dist),IE00B27YCK28,951.88,ETF,LSE
MIDD.L,iShares Public Limited Company - iShares FTSE 250 UCITS ETF,IE00B00FV128,1607,ETF,LSE
MINV.L,ISH MSCI WO MI USD,IE00B8FHGS14,2543.5,ETF,LSE
MVEU.L,iShares MSCI Europe Minimum Volatility,IE00B86MWN23,36.7,ETF,LSE
MVOL.L,iShares MSCI World Minimum Volatility,IE00B8FHGS14,36.11,ETF,LSE
MVUS.L,ISH S&P500 MIN USD,IE00B6SPMN59,2835,ETF,LSE
NK4E.L,iShares JPX-Nikkei 400 EUR Hedged,IE00BQT3W831,4.36,ETF,LSE
O001.L,ISHS USD CO BD G-CT,DE000A0DPYY0,80.03,ETF,LSE
O003.L,ISHS USD TRE B G-CT,DE000A0J2078,96.71,ETF,LSE
O004.L,ISHS USD TRE B G-CT,DE000A0LGQB6,137.94,ETF,LSE
O006.L,ISHCRDAXUCIETF T,DE0005933931,86.09,ETF,LSE
O007.L,ISHS DVDAX UETF,DE0002635273,11,ETF,LSE
O008.L,ISHS DJAPSLDV30,DE000A0H0744,29.28,ETF,LSE
O010.L,ISHS EU STX UET,DE000A0D8Q07,30.05,ETF,LSE
O011.L,ISHS EUSTX 50,DE0005933956,31,ETF,LSE
O012.L,ISHESB30-15(DE),DE0006289309,11.97,ETF,LSE
O013.L,ISHS EUR MR LG G-CT,DE000A0HG3L1,25,ETF,LSE
O015.L,ISHS EUR STOXX G-CT,DE000A0DPMX7,39.54,ETF,LSE
O016.L,ISHSEUSTXSLDV30,DE0002635281,16.53,ETF,LSE
O019.L,ISHS DJEUSTNSCR,DE000A0F5UG3,8.2,ETF,LSE
O023.L,ISHS DJ IND AVG,DE0006289390,105.5,ETF,LSE
O024.L,ISHS STXEUR50,DE0005933949,26.09,ETF,LSE
O025.L,ISHS STX EUR600,DE0002635307,38.1,ETF,LSE
O026.L,ISHSTE600B(DE),DE000A0F5UJ7,18.84,ETF,LSE
O028.L,ISHS STOXX BASICRES,DE000A0F5UK5,43,ETF,LSE
O034.L,ISHSTE600HCUC,DE000A0Q4R36,43.29,ETF,LSE
O036.L,ISHSEU600IGS,DE000A0H08J9,33,ETF,LSE
O041.L,ISHSEU600OG,DE000A0H08M3,34.48,ETF,LSE
O056.L,ISHS STXEUSDV30,DE0002635299,14.3,ETF,LSE
O057.L,ISHSSTXEUSM200,DE000A0D8QZ7,26.18,ETF,LSE
O061.L,ISHSEU600AP(DE),DE000A0Q4R28,28.75,ETF,LSE
O071.L,ISHS DWJNGLTT50,DE0006289382,19.1,ETF,LSE
O072.L,ISHS DJ US SLDV,DE000A0D8Q49,37.21,ETF,LSE
O073.L,ISH DVCMSP T,DE000A0H0728,22.84,ETF,LSE
O075.L,ISHS EB.R GG,DE0006289465,140.01,ETF,LSE
O076.L,ISERGG 1.5-2.5,DE0006289473,96.18,ETF,LSE
O077.L,IS ERGG 2.5-5.5,DE0006289481,113.32,ETF,LSE
O078.L,ISERGG 5.5-10.5,DE0006289499,135.06,ETF,LSE
O079.L,ISHS PFBRFE DE,DE0002635265,105.43,ETF,LSE
O080.L,ISH EU CO BN L G-CT,DE0002511243,131.15,ETF,LSE
O081.L,ISHS EU GOV BD G-CT,DE000A0J21A7,141.64,ETF,LSE
O082.L,ISHARES PLC ISHARES EUR INFLATI,IE00B0M62X26,192.87,ETF,LSE
O083.L,ISHS EU 15-30 G-CT,DE000A0LGQC4,173.15,ETF,LSE
O088.L,ISHS US PRO YI G-CT,DE000A0LGQK7,17.43,ETF,LSE
O089.L,ISHS ASIA PR YI G-C,DE000A0LGQJ9,18.87,ETF,LSE
O092.L,ISHS EUR PROYE G-CT,DE000A0HG2Q2,36.22,ETF,LSE
O098.L,IS EGBC 1.5-2.5,DE000A0H0793,99.92,ETF,LSE
O102.L,ISHS MDAX UETF T,DE0005933923,185.69,ETF,LSE
O104.L,ISHS MSCI BR G-CT,DE000A0HG2M1,33.95,ETF,LSE
O105.L,ISHS MSCI EA EU G-C,DE000A0HGZV3,22,ETF,LSE
O106.L,ISHARES PLC ISHARES MSCI EMERGI,DE000A0HGZT7,29.64,ETF,LSE
O107.L,ISHS EM MKS ISL G-C,DE000A0NA0M3,13.76,ETF,LSE
O108.L,ISHARES PLC ISHARES MSCI EUROPE,DE000A0M5X28,25.03,ETF,LSE
O109.L,ISHS MSCI EX-UK G-C,DE000A0J2094,30.25,ETF,LSE
O110.L,ISHS MSCI JAP G-CT,DE000A0DPMW9,11.19,ETF,LSE
O111.L,ISHS MSCI KOR G-CT,DE000A0HG2L3,29.97,ETF,LSE
O112.L,ISHS MSCI EM L G-CT,DE000A0NA0K7,16.63,ETF,LSE
O113.L,ISHS MSCI NH AM G-C,DE000A0J2060,25.39,ETF,LSE
O114.L,ISHARES MSCI TA G-C,DE000A0HG2K5,0,ETF,LSE
O115.L,ISHS MSCI TURK G-CT,DE000A0LGQN1,27.14,ETF,LSE
O117.L,ISHARES PLC ISHARES MSCI WORLD,DE000A0HGZR1,25.04,ETF,LSE
O119.L,ISHS NASDAQ-100,DE000A0F5UF5,21.71,ETF,LSE
O120.L,ISHS NIK 225 UC,DE000A0H08D2,8.91,ETF,LSE
O121.L,ISHARES PLC ISHARES S&P 500 (OT,DE0002643889,11.43,ETF,LSE
O122.L,ISHS GLO CLN E G-CT,DE000A0M5X10,3.44,ETF,LSE
O124.L,ISHS GLB WATER G-CT,DE000A0MSAG2,28.2,ETF,LSE
O126.L,ISHARESSLI (DE),DE0005933964,60.92,ETF,LSE
O127.L,ISHS TCDAX UETF T,DE0005933972,17.17,ETF,LSE
QDIV.L,iShares MSCI USA Dividend IQ,IE00BKM4H312,26.98,ETF,LSE
SAAA.L,ISHARES GLB GOV USD,IE00B87G8S03,64.96,ETF,LSE
SACC.L,,IE00B4L5ZD99,NaN,,
SAUS.L,ISHARES III PLC ISHARES MSCI AU,IE00B5377D42,1907.75,ETF,LSE
SAUT.L,iShares Austria Government Bond,IE00B7RRK356,116.04,ETF,LSE
SBEL.L,iShares Belgium Government Bond,IE00B7RRKB38,121.46,ETF,LSE
SCOV.L,iShares Euro Covered Bond,IE00B3B8Q275,122.53,ETF,LSE
SDEU.L,iShares Germany Government Bond,IE00B5V94313,110.48,ETF,LSE
SDHG.L,ISHARES IV PLC ISHS $ SHORT DUR,IE00BCRY6003,64.1,ETF,LSE
SDHY.L,iShares $ Shrt Dur Hi Yld Corp Bd,IE00BCRY6003,90.51,ETF,LSE
SDIG.L,iShares $ Short Dur Corp Bd,IE00BCRY5Y77,100.57,ETF,LSE
SE15.L,iShares Euro Corporate Bond 1-5yr,IE00B4L60045,86.39,ETF,LSE
SEAG.L,iShares Euro Aggregate Bond,IE00B3DKXQ41,96.72,ETF,LSE
SEDY.L,ISHARES V PUBLIC LIMITED COMPAN,IE00B652H904,1220.25,ETF,LSE
SEGA.L,iShares Core Euro Government Bond,IE00B4WXJJ64,97.74,ETF,LSE
SEMA.L,ISHARES III PLC ISHARES MSCI EM,IE00B4L5YC18,1725.75,ETF,LSE
SEMB.L,ISHARES II PLC ISHARES J.P. MOR,IE00B2NPKV68,7667,ETF,LSE
SEML.L,ISHARES III PLC ISHARES EM LOCA,IE00B5M4WH52,44.3,ETF,LSE
SEMS.L,ISHARES III PLC ISHARES MSCI EM,IE00B3F81G20,3994.5,ETF,LSE
SESP.L,iShares Spain Government Bond,IE00B428Z604,127.04,ETF,LSE
SEUA.L,,IE00B4L5YV07,NaN,,
SFIN.L,iShares Finland Government Bond,IE00B5SH2232,110.85,ETF,LSE
SFRB.L,iShares France Government Bond,IE00B7LGZ558,117.24,ETF,LSE
SGCC.L,ISHARES III PLC ISHARES MSCI GC,IE00B3F81623,2431.5,ETF,LSE
SGEA.L,ISHARES III PLC ISHARES EM ASIA,IE00B6QGFW01,65.21,ETF,LSE
SGIL.L,ISHARES III PLC ISHARES GLOBAL,IE00B3B8PX14,103.31,ETF,LSE
SGLN.L,ISHARES PHYSICAL METALS PLC ISH,IE00B4ND3602,1702.75,ETF,LSE
SGLO.L,ISHARES III PLC ISHARES GLOBAL,IE00B3F81K65,76.47,ETF,LSE
SHYG.L,iShares Euro High Yield Corporate Bond,IE00B66F4759,80.72,ETF,LSE
SHYU.L,ISHARES II PLC ISHARES $ HIGH Y,IE00B4PY7Y77,69.4,ETF,LSE
SITB.L,iShares Italy Government Bond,IE00B7LW6Y90,128.24,ETF,LSE
SJPA.L,ISHARES III PLC ISHARES CORE JA,IE00B4L5YX21,2212,ETF,LSE
SLXH.L,iShares £ Corp Bd Intr Rt Hdgd,IE00BCLWRC90,91.75,ETF,LSE
SLXX.L,iShares Public Limited Company - iShares Core £ Corporate Bond UCITS ETF,IE00B00FV011,134.89,ETF,LSE
SMEA.L,iShares MSCI Europe (Acc),IE00B4K48X80,3199.5,ETF,LSE
SNLD.L,iShares Netherlands Government Bond,IE00B7L7Z140,112.85,ETF,LSE
SPAG.L,ISHARES V PUBLIC LIMITED COMPAN,IE00B6R52143,1846.75,ETF,LSE
SPDM.L,ISHARES PHYSICAL METALS PLC ISH,IE00B4556L06,1192.5,ETF,LSE
SPGP.L,ISHARES V PUBLIC LIMITED COMPAN,IE00B6R52036,579,ETF,LSE
SPLT.L,ISHARES PHYSICAL METALS PLC ISH,IE00B4LHWP62,989.63,ETF,LSE
SPMV.L,iShares S&P 500 Minimum Volatility,IE00B6SPMN59,40.28,ETF,LSE
SPOG.L,ISHARES V PUBLIC LIMITED COMPAN,IE00B6R51Z18,1029.75,ETF,LSE
SPOL.L,ISHARES V PUBLIC LIMITED COMPAN,IE00B4M7GH52,1179.5,ETF,LSE
SPXJ.L,ISHARES III PLC ISHARES MSCI PA,IE00B4WXJD03,2601,ETF,LSE
SRSA.L,ISHARES III PLC ISHARES MSCI SO,IE00B52XQP83,1886.25,ETF,LSE
SSAC.L,ISHARES V PUBLIC LIMITED COMPAN,IE00B6R52259,2501.5,ETF,LSE
SSLN.L,ISHARES PHYSICAL METALS PLC ISH,IE00B4NCWG09,1053.5,ETF,LSE
SSXF.L,,IE00B4L60H17,151.54,ETF,LSE
SUAG.L,ISHARES II PLC ISHARES US AGGRE,IE00B44CGS96,74.17,ETF,LSE
SUSE.L,iShares Euro Corp Bd Sstnbty Scrnd 0-3yr,IE00BYZTVV78,5.01,ETF,LSE
SUSS.L,iShares Euro Corp Bd Sstnbty Scrnd 0-3yr,IE00BYZTVV78,395.65,ETF,LSE
SWDA.L,ISHARES III PLC ISHARES CORE MS,IE00B4L5Y983,2834,ETF,LSE
SXFN.L,iShares EURO STOXX 50 ex-Financials,IE00BD5J2G21,2227,ETF,LSE
TASE.L,iShares TA-25 Israel,IE00BP3QZG05,5.29,ETF,LSE
UI18.L,iShares iBonds Sep 2018 USD Corporate,IE00BVC3VM20,4.99,ETF,LSE
UIFS.L,ISHARES V PUBLIC LIMITED COMPAN,IE00B4JNQZ49,321.75,ETF,LSE
UKPR.L,iShares MSCI Target UK Real Estate,IE00BRHZ0398,5.99,ETF,LSE
UKRE.L,iShares MSCI Target UK Real Estate,IE00BRHZ0398,473,ETF,LSE
USPR.L,ISHARES III PLC ISHARES MSCI TA,IE00BRHZ0620,1728,ETF,LSE
USRE.L,iShares MSCI Target US Real Estate,IE00BRHZ0620,24.58,ETF,LSE
WOOD.L,iShares II Public Limited Company - iShares Global Timber & Forestry UCITS ETF,IE00B27YCF74,1210,ETF,LSE
